job_title,job_title_code,avg,std_dev,shape,normal_dist,num_salary
data engineer,2732,114552.17392368685,33847.45225949548,1.043245738171558,False,292.0
data analyst,340,73442.059070847,27925.75695628582,2.533738509564606,False,157.0
data scientist,25190,141262.7618660157,28790.329710243583,0.0,True,122.0
ios developer,25204,152240.43843283583,26211.908641922622,0.0,True,40.0
mechanical engineer,232,76438.21097671686,18757.2320217796,2.2828812416401094,False,95.0
software engineer,9,94270.7346311316,36065.80241619467,1.5465433854372574,False,440.0
product manager,27,106983.35924769446,35887.775573177845,1.232777419668436,False,335.0
